id,role,practice,tenure_weeks,manager_id
E_B25FCF42,Analytics Engineer,Data,131,M_6DFAF9
E_70E71D2C,Data Scientist,AI,84,M_790F40
E_7F66EB9E,Cloud Engineer,Cloud,80,M_CE60EA
E_3BD18262,Analytics Engineer,Data,173,M_998A64
E_BFB7A63F,ML Engineer,AI,95,M_790F40
E_F647640E,Platform Engineer,Cloud,134,M_CE60EA
E_FFF01760,Analytics Engineer,Data,82,M_2CCAFA
E_7238C43D,Data Scientist,AI,147,M_0CD2A5
E_AFFF063B,SRE,Cloud,101,M_A5D2C4
E_EFC55E2C,Analytics Engineer,Data,68,M_6DFAF9
E_EC0BDD0F,Data Scientist,AI,110,M_4B3AA3
E_20830041,Platform Engineer,Cloud,130,M_6DFAF9
E_3E7C8DB2,Data Engineer,Data,112,M_998A64
E_F5AED485,Prompt Engineer,AI,98,M_D4CD76
E_144C6F83,Platform Engineer,Cloud,124,M_6DFAF9
E_0AA16C4E,Data Analyst,Data,100,M_D4CD76
E_C28E88D6,ML Engineer,AI,87,M_B356C5
E_AD1778EE,Platform Engineer,Cloud,87,M_4B3AA3
E_4328A8ED,Data Engineer,Data,155,M_998A64
E_2EF5B28D,Data Scientist,AI,115,M_B356C5
E_E5EF62DC,Platform Engineer,Cloud,122,M_F4F934
E_2245C6CD,Analytics Engineer,Data,123,M_68F854
E_29F1AF29,ML Engineer,AI,58,M_E400BA
E_33B73847,Cloud Engineer,Cloud,124,M_0CD2A5
E_8AA5860D,Data Engineer,Data,200,M_F4F934
E_7B786E82,Data Scientist,AI,72,M_CBC15F
E_2E6284E0,SRE,Cloud,143,M_7758EC
E_FD1B37C5,Data Analyst,Data,147,M_B356C5
E_86618B39,Data Scientist,AI,146,M_7758EC
E_FF80F68A,SRE,Cloud,92,M_CBC15F
E_EE702B15,Data Engineer,Data,101,M_6DFAF9
E_3C64291C,Prompt Engineer,AI,72,M_B356C5
E_4E0418CC,SRE,Cloud,112,M_4B3AA3
E_9C87656E,Analytics Engineer,Data,165,M_5ED6EE
E_AEA13EDB,Prompt Engineer,AI,88,M_4B3AA3
E_01B68911,Cloud Engineer,Cloud,40,M_CE60EA
E_89A05457,Data Analyst,Data,116,M_786B7A
E_A148A145,Prompt Engineer,AI,147,M_68F854
E_940E8FC5,SRE,Cloud,105,M_3CEFF8
E_84BCF5EE,Data Analyst,Data,180,M_A6EF9A
E_99F986BE,Prompt Engineer,AI,107,M_3CEFF8
E_63735BAD,Cloud Engineer,Cloud,115,M_B356C5
E_F8883A21,Analytics Engineer,Data,75,M_6DFAF9
E_F790CB1C,ML Engineer,AI,102,M_7758EC
E_E7DD6CEE,Cloud Engineer,Cloud,146,M_4B3AA3
E_28AECFE4,Analytics Engineer,Data,146,M_F4F934
E_6BC102C7,Prompt Engineer,AI,162,M_0CD2A5
E_9460044A,SRE,Cloud,143,M_790F40
E_DC39C034,Analytics Engineer,Data,133,M_7758EC
E_0C5752AC,Prompt Engineer,AI,38,M_A6EF9A
E_2D684224,Cloud Engineer,Cloud,84,M_786B7A
E_39CA5D2C,Data Analyst,Data,209,M_0CD2A5
E_0A2D6E39,Prompt Engineer,AI,95,M_CE60EA
E_8804DFD7,Cloud Engineer,Cloud,139,M_786B7A
E_5FEA7603,Analytics Engineer,Data,111,M_0CD2A5
E_9D76AD39,Prompt Engineer,AI,140,M_3CEFF8
E_F14A89D6,SRE,Cloud,116,M_3CEFF8
E_B68D18BA,Data Engineer,Data,77,M_790F40
E_7ADBC457,Data Scientist,AI,85,M_A6EF9A
E_BE22E65C,Platform Engineer,Cloud,127,M_68F854
E_2ECF3DCD,Analytics Engineer,Data,96,M_6DFAF9
E_AD5EC332,Prompt Engineer,AI,40,M_0CD2A5
E_9B067B78,Cloud Engineer,Cloud,134,M_4B3AA3
E_8BCC5265,Analytics Engineer,Data,153,M_7758EC
E_2405C86F,Data Scientist,AI,150,M_CE60EA
E_6EFDCC9A,Platform Engineer,Cloud,151,M_CBC15F
E_6E92A3AD,Data Analyst,Data,58,M_2CCAFA
E_C52F2D3A,ML Engineer,AI,177,M_4791FD
E_2F318895,Cloud Engineer,Cloud,109,M_0CD2A5
E_A9C203E5,Analytics Engineer,Data,80,M_F4F934
E_28D3E2F3,Data Scientist,AI,98,M_CBC15F
E_E8D7EB87,Platform Engineer,Cloud,88,M_F4F934
E_FCA4EEA3,Analytics Engineer,Data,68,M_3CEFF8
E_D010879C,ML Engineer,AI,113,M_4791FD
E_450163EC,SRE,Cloud,120,M_A5D2C4
E_8F697474,Analytics Engineer,Data,106,M_68F854
E_75FCCCF5,ML Engineer,AI,120,M_E400BA
E_B1ACF5E6,Cloud Engineer,Cloud,108,M_CE60EA
E_16A6A2C6,Analytics Engineer,Data,87,M_4B3AA3
E_675737E6,Data Scientist,AI,93,M_4B3AA3
E_73F05EE9,Platform Engineer,Cloud,133,M_68F854
E_D7468C78,Analytics Engineer,Data,61,M_D4CD76
E_C6CCFA91,Data Scientist,AI,94,M_786B7A
E_C38D450D,Cloud Engineer,Cloud,149,M_A5D2C4
E_153B1786,Data Analyst,Data,122,M_6DFAF9
E_5C0360DD,ML Engineer,AI,138,M_B356C5
E_D8FA324F,Platform Engineer,Cloud,114,M_4791FD
E_26E49A6D,Analytics Engineer,Data,71,M_68F854
E_E87655C0,Prompt Engineer,AI,99,M_A6EF9A
E_1E7AD9A0,Platform Engineer,Cloud,118,M_68F854
E_41399C30,Analytics Engineer,Data,99,M_0CD2A5
E_F088A701,ML Engineer,AI,107,M_998A64
E_D63F81D2,SRE,Cloud,120,M_998A64
E_D2082115,Analytics Engineer,Data,147,M_4B3AA3
E_2F2AC253,Prompt Engineer,AI,97,M_CBC15F
E_CD521818,Cloud Engineer,Cloud,157,M_CBC15F
E_DB5CF6D4,Data Analyst,Data,114,M_786B7A
E_5BEFE5C0,Data Scientist,AI,151,M_CE60EA
E_091E7F22,Platform Engineer,Cloud,156,M_0CD2A5
E_4879007D,Data Engineer,Data,180,M_786B7A
E_4C2302C0,ML Engineer,AI,154,M_B356C5
E_3CECFE85,SRE,Cloud,154,M_998A64
E_07252368,Data Engineer,Data,179,M_A5D2C4
E_9A64E017,ML Engineer,AI,52,M_5ED6EE
E_52D35711,Platform Engineer,Cloud,79,M_CE60EA
E_89E359F6,Data Analyst,Data,153,M_6DFAF9
E_C7A53701,ML Engineer,AI,35,M_CE60EA
E_77316835,SRE,Cloud,121,M_790F40
E_F13ABA49,Analytics Engineer,Data,121,M_790F40
E_CAEAEAC6,Data Scientist,AI,59,M_B356C5
E_39E87A25,SRE,Cloud,81,M_6DFAF9
E_BF5DBE1A,Analytics Engineer,Data,140,M_5ED6EE
E_E47F2D4B,ML Engineer,AI,136,M_6DFAF9
E_5E7C00BF,Platform Engineer,Cloud,93,M_68F854
E_8E698ED7,Data Analyst,Data,84,M_E400BA
E_846B9BA4,Data Scientist,AI,88,M_F4F934
E_369FCFB6,SRE,Cloud,133,M_998A64
E_7DFED82E,Data Engineer,Data,64,M_4B3AA3
E_974137B2,Data Scientist,AI,116,M_3CEFF8
E_3911979F,Cloud Engineer,Cloud,62,M_2CCAFA
E_B48D8A6E,Analytics Engineer,Data,149,M_786B7A
E_029CB0B0,Data Scientist,AI,123,M_7758EC
E_30327735,Cloud Engineer,Cloud,166,M_786B7A
E_95889C21,Data Engineer,Data,31,M_7758EC
E_461E69FD,Data Scientist,AI,41,M_0CD2A5
E_60E53764,Platform Engineer,Cloud,92,M_4B3AA3
E_C90C270B,Analytics Engineer,Data,173,M_D4CD76
E_3D5FD25E,Data Scientist,AI,73,M_790F40
E_655425DD,Platform Engineer,Cloud,165,M_2CCAFA
E_C9F384DD,Data Analyst,Data,121,M_790F40
E_4C231F40,Data Scientist,AI,121,M_A6EF9A
E_1E6E5DDF,SRE,Cloud,142,M_5ED6EE
E_FC428FF4,Analytics Engineer,Data,78,M_2CCAFA
E_69CA18D9,Prompt Engineer,AI,92,M_68F854
E_0D8A85E0,Platform Engineer,Cloud,69,M_B356C5
E_89068149,Data Analyst,Data,119,M_F4F934
E_5D7630D2,ML Engineer,AI,188,M_E400BA
E_7B8EFD2F,SRE,Cloud,101,M_E400BA
E_6012D3A4,Data Engineer,Data,135,M_68F854
E_39475164,Data Scientist,AI,130,M_7758EC
E_FD26A635,Cloud Engineer,Cloud,123,M_0CD2A5
E_9188A01A,Analytics Engineer,Data,109,M_B356C5
E_A3503D47,Prompt Engineer,AI,167,M_0CD2A5
E_C4ACC305,SRE,Cloud,119,M_F4F934
E_A4326F8F,Analytics Engineer,Data,97,M_B356C5
E_8F521ED4,Data Scientist,AI,47,M_6DFAF9
E_21FC534A,SRE,Cloud,158,M_A5D2C4
E_3169F49A,Analytics Engineer,Data,146,M_68F854
E_D50CDA23,Data Scientist,AI,128,M_7758EC
E_23FAB5AA,Cloud Engineer,Cloud,111,M_B356C5
E_6AC4616C,Data Engineer,Data,180,M_790F40
E_C7430A71,ML Engineer,AI,117,M_4791FD
E_5B987525,SRE,Cloud,94,M_4791FD
E_29D39550,Data Engineer,Data,140,M_68F854
E_0CB4EBEF,ML Engineer,AI,106,M_7758EC
E_4DB8E6FB,Cloud Engineer,Cloud,117,M_E400BA
E_0D40620B,Data Analyst,Data,104,M_68F854
E_69E9F94E,Data Scientist,AI,111,M_7758EC
E_5942AD6F,Cloud Engineer,Cloud,56,M_790F40
E_9666C41D,Data Analyst,Data,85,M_A6EF9A
E_CDF98B1E,Prompt Engineer,AI,89,M_68F854
E_3B6F22AE,Cloud Engineer,Cloud,65,M_A6EF9A
E_17C0FAA2,Analytics Engineer,Data,107,M_A5D2C4
E_C612D57E,Data Scientist,AI,127,M_CBC15F
E_4A55C0CA,Platform Engineer,Cloud,80,M_790F40
E_68242B51,Data Engineer,Data,200,M_3CEFF8
E_85C7851E,Prompt Engineer,AI,111,M_790F40
E_142129F1,Cloud Engineer,Cloud,132,M_D4CD76
E_568029CB,Data Analyst,Data,75,M_CE60EA
E_B4C9CD4D,Data Scientist,AI,83,M_E400BA
E_69DDD8B6,Platform Engineer,Cloud,180,M_5ED6EE
E_4549A1B2,Data Analyst,Data,142,M_F4F934
E_CE5D31BD,Data Scientist,AI,112,M_4B3AA3
E_DB17A75F,Platform Engineer,Cloud,65,M_4B3AA3
E_5E732D7A,Analytics Engineer,Data,179,M_0CD2A5
E_CE83E503,ML Engineer,AI,82,M_B356C5
E_79D4662E,SRE,Cloud,99,M_D4CD76
E_1BA4B9DE,Data Analyst,Data,111,M_786B7A
E_59543F2B,ML Engineer,AI,131,M_0CD2A5
E_D99E1ABF,Platform Engineer,Cloud,118,M_0CD2A5
E_6C71807C,Data Engineer,Data,116,M_0CD2A5
E_0FAEE2C8,Prompt Engineer,AI,194,M_790F40
E_BC7086DA,SRE,Cloud,122,M_B356C5
E_F3D29575,Data Engineer,Data,135,M_A6EF9A
E_1AD7286F,Prompt Engineer,AI,63,M_3CEFF8
E_5FEFE89D,Platform Engineer,Cloud,148,M_A5D2C4
E_69DD0909,Analytics Engineer,Data,51,M_0CD2A5
E_73EEAC9A,Data Scientist,AI,92,M_3CEFF8
E_0AB8567E,Platform Engineer,Cloud,210,M_CE60EA
E_E6E3E0C1,Analytics Engineer,Data,88,M_5ED6EE
E_556EBCF9,Prompt Engineer,AI,117,M_D4CD76
E_7DFEFE11,Cloud Engineer,Cloud,73,M_790F40
E_C2842B63,Analytics Engineer,Data,73,M_790F40
E_0FF19556,ML Engineer,AI,162,M_68F854
E_452987B9,Platform Engineer,Cloud,101,M_E400BA
E_42A3C061,Data Analyst,Data,114,M_B356C5
E_869CBCCD,Prompt Engineer,AI,106,M_B356C5
E_BAF4B64C,Platform Engineer,Cloud,62,M_CBC15F
E_66F90453,Analytics Engineer,Data,112,M_3CEFF8
E_A66BFDA5,ML Engineer,AI,160,M_0CD2A5
E_0C1C3F17,Cloud Engineer,Cloud,88,M_A5D2C4
E_403A6366,Data Engineer,Data,135,M_68F854
E_4E11D68B,Data Scientist,AI,161,M_68F854
E_B148BB6E,Platform Engineer,Cloud,71,M_6DFAF9
E_B9CE1457,Data Analyst,Data,152,M_4791FD
E_D7D7F226,ML Engineer,AI,44,M_786B7A
E_1468AB15,Platform Engineer,Cloud,143,M_CE60EA
E_3C5ACAE5,Data Engineer,Data,104,M_4B3AA3
E_96E732B3,Data Scientist,AI,74,M_790F40
E_C25C6132,Platform Engineer,Cloud,112,M_E400BA
E_CD01B50F,Data Engineer,Data,94,M_A5D2C4
E_5BA24798,Data Scientist,AI,53,M_4791FD
E_FD06A519,SRE,Cloud,159,M_0CD2A5
E_C33A1B4E,Analytics Engineer,Data,162,M_5ED6EE
E_3D71D422,Data Scientist,AI,78,M_CBC15F
E_E9EBB343,SRE,Cloud,101,M_998A64
E_B4392183,Data Analyst,Data,98,M_6DFAF9
E_7565FBC4,Prompt Engineer,AI,107,M_5ED6EE
E_5552CFF2,Cloud Engineer,Cloud,68,M_4B3AA3
E_AECB7DBB,Data Analyst,Data,155,M_F4F934
E_A25292EC,Prompt Engineer,AI,120,M_D4CD76
E_EE5E6411,Platform Engineer,Cloud,80,M_E400BA
E_FA780510,Data Engineer,Data,99,M_68F854
E_74D9948D,Prompt Engineer,AI,88,M_6DFAF9
E_1A39EF25,SRE,Cloud,110,M_786B7A
E_22987BE2,Data Engineer,Data,143,M_4791FD
E_2AE9DD6D,ML Engineer,AI,144,M_7758EC
E_E43E6369,Platform Engineer,Cloud,76,M_7758EC
E_93A492CD,Data Analyst,Data,122,M_790F40
E_5D03073F,ML Engineer,AI,83,M_CE60EA
E_52E3E864,Platform Engineer,Cloud,51,M_7758EC
E_D7F5AF94,Data Analyst,Data,76,M_790F40
E_732B19FE,Prompt Engineer,AI,117,M_E400BA
E_A46F9904,Platform Engineer,Cloud,59,M_F4F934
E_9FE118B8,Data Engineer,Data,90,M_CBC15F
E_47D3751F,Prompt Engineer,AI,135,M_786B7A
E_F2237535,SRE,Cloud,91,M_4791FD
E_84A54767,Data Engineer,Data,89,M_2CCAFA
E_A5541928,ML Engineer,AI,81,M_4791FD
E_C070ABF6,Cloud Engineer,Cloud,46,M_4791FD
E_14DAC689,Data Analyst,Data,107,M_CBC15F
E_435EC196,ML Engineer,AI,118,M_F4F934
E_C7C36F0F,SRE,Cloud,121,M_2CCAFA
E_72754BE3,Data Analyst,Data,78,M_D4CD76
E_98F19611,ML Engineer,AI,79,M_5ED6EE
E_4ACFE791,Cloud Engineer,Cloud,149,M_B356C5
E_AA02B679,Data Analyst,Data,81,M_68F854
E_414A262B,ML Engineer,AI,105,M_D4CD76
E_2EA5FB6D,Platform Engineer,Cloud,7,M_D4CD76
E_74932AEE,Data Engineer,Data,76,M_0CD2A5
E_23727BFE,Data Scientist,AI,76,M_CE60EA
E_1042,Platform Engineer,Cloud,59,M_790F40
E_B691B7F4,Data Analyst,Data,175,M_E400BA
E_05E1A6F0,Data Scientist,AI,103,M_4791FD
E_86E71AEA,Cloud Engineer,Cloud,44,M_786B7A
E_2091BB3F,Data Engineer,Data,118,M_6DFAF9
E_3D91C320,ML Engineer,AI,116,M_6DFAF9
E_B09B8533,Cloud Engineer,Cloud,117,M_D4CD76
E_1EEE92A5,Analytics Engineer,Data,171,M_6DFAF9
E_1189A15A,ML Engineer,AI,114,M_A5D2C4
E_8FB956F4,Platform Engineer,Cloud,117,M_CE60EA
E_66FE4729,Data Engineer,Data,90,M_5ED6EE
E_A0CD4C41,Prompt Engineer,AI,78,M_790F40
E_50EE34A5,Platform Engineer,Cloud,115,M_B356C5
E_18171960,Data Analyst,Data,112,M_CE60EA
E_9E129142,Data Scientist,AI,82,M_D4CD76
E_0A670E22,Cloud Engineer,Cloud,98,M_786B7A
E_57555C67,Analytics Engineer,Data,119,M_790F40
E_6FB3F1B8,ML Engineer,AI,122,M_CE60EA
E_D2B22C25,Platform Engineer,Cloud,95,M_4791FD
E_3CD5BEDB,Data Analyst,Data,36,M_A6EF9A
E_CB6D7FAD,ML Engineer,AI,126,M_6DFAF9
E_DD2BA13D,Platform Engineer,Cloud,103,M_A6EF9A
E_A899BADD,Analytics Engineer,Data,80,M_2CCAFA
E_2EF24930,ML Engineer,AI,97,M_998A64
E_4FFF9FED,SRE,Cloud,71,M_B356C5
E_07BFD229,Analytics Engineer,Data,125,M_998A64
E_860443B6,ML Engineer,AI,102,M_2CCAFA
E_D5F93833,SRE,Cloud,53,M_B356C5
E_C03E0B73,Data Analyst,Data,129,M_4791FD
E_3711C744,Data Scientist,AI,135,M_68F854
E_D7F2F404,SRE,Cloud,109,M_3CEFF8
E_504FB25F,Data Engineer,Data,137,M_786B7A
E_D87D4FB7,ML Engineer,AI,59,M_786B7A
E_AF178631,SRE,Cloud,166,M_790F40
E_2556C2D8,Data Analyst,Data,129,M_A5D2C4
E_C62C4A1C,ML Engineer,AI,157,M_A6EF9A
E_B1B295D6,Cloud Engineer,Cloud,18,M_998A64
E_B515FAFA,Analytics Engineer,Data,60,M_3CEFF8
E_47C1D2C9,Data Scientist,AI,94,M_6DFAF9
E_A162794F,Platform Engineer,Cloud,105,M_786B7A
E_5C71B068,Data Analyst,Data,189,M_A5D2C4
E_972BBAE0,Prompt Engineer,AI,115,M_CE60EA
E_35EC5552,Cloud Engineer,Cloud,69,M_998A64
E_2CF93E1A,Data Analyst,Data,137,M_786B7A
E_86D574A1,Prompt Engineer,AI,124,M_F4F934
E_26E6CAC1,Cloud Engineer,Cloud,89,M_CE60EA
E_CFC33CDF,Data Engineer,Data,149,M_A6EF9A
E_842C657A,ML Engineer,AI,162,M_CE60EA
E_B0E4B3CE,SRE,Cloud,107,M_3CEFF8
E_D99014C7,Data Engineer,Data,79,M_F4F934
E_1491937B,Data Scientist,AI,143,M_F4F934
E_39B3F637,SRE,Cloud,132,M_998A64
E_9EA59F60,Analytics Engineer,Data,105,M_4B3AA3
E_1591B3B6,ML Engineer,AI,85,M_790F40
E_2A2CD3D3,Platform Engineer,Cloud,106,M_4B3AA3
E_D8EDE442,Analytics Engineer,Data,135,M_3CEFF8
E_58B218C8,Prompt Engineer,AI,119,M_E400BA
E_29957102,Cloud Engineer,Cloud,9,M_68F854
E_E4B56942,Analytics Engineer,Data,141,M_0CD2A5
E_5ED80825,Data Scientist,AI,188,M_CBC15F
E_6E0AF83B,SRE,Cloud,132,M_5ED6EE
E_7354E0A1,Analytics Engineer,Data,151,M_790F40
E_7C49EC42,Prompt Engineer,AI,118,M_CE60EA
E_5771F4BA,SRE,Cloud,198,M_D4CD76
E_EFCD805B,Analytics Engineer,Data,118,M_2CCAFA
E_68EADC6A,Prompt Engineer,AI,173,M_6DFAF9
E_9F10479E,Cloud Engineer,Cloud,178,M_7758EC
E_88D8CAFA,Data Analyst,Data,112,M_786B7A
E_D837AACD,ML Engineer,AI,151,M_998A64
E_15EE4422,SRE,Cloud,59,M_E400BA
E_E9DE8E6F,Analytics Engineer,Data,133,M_E400BA
E_258882A7,Prompt Engineer,AI,59,M_D4CD76
E_06F196CA,SRE,Cloud,139,M_4791FD
E_C8E9CA4F,Data Engineer,Data,100,M_CE60EA
E_169E6A82,Prompt Engineer,AI,110,M_4B3AA3
E_D914FC5E,Cloud Engineer,Cloud,83,M_B356C5
E_5BDDD2D1,Analytics Engineer,Data,128,M_D4CD76
E_87A3C7DC,Data Scientist,AI,147,M_E400BA
E_28C25D70,SRE,Cloud,83,M_2CCAFA
E_9BDF9BCF,Data Engineer,Data,105,M_0CD2A5
E_6A354036,Data Scientist,AI,128,M_A6EF9A
E_27F8CA14,Platform Engineer,Cloud,94,M_D4CD76
E_993DDDF4,Data Engineer,Data,168,M_5ED6EE
E_DCCADA03,Data Scientist,AI,199,M_F4F934
E_BCBFA4A6,Cloud Engineer,Cloud,128,M_998A64
E_1D712F6D,Data Analyst,Data,115,M_7758EC
E_B467C6F1,Prompt Engineer,AI,124,M_5ED6EE
E_1D993A89,Cloud Engineer,Cloud,86,M_68F854
E_986B067E,Analytics Engineer,Data,62,M_D4CD76
E_83248BBB,Prompt Engineer,AI,89,M_CE60EA
E_F7F0EE7E,Platform Engineer,Cloud,128,M_7758EC
E_3BA9B5AF,Data Analyst,Data,106,M_5ED6EE
E_AA8456CF,ML Engineer,AI,84,M_A5D2C4
E_6D0414DC,SRE,Cloud,79,M_6DFAF9
E_DE0BEC02,Data Engineer,Data,118,M_CBC15F
E_AC601DF5,Prompt Engineer,AI,105,M_CBC15F
E_F2B6AB34,Platform Engineer,Cloud,148,M_CBC15F
E_045436B7,Data Engineer,Data,78,M_CBC15F
E_E9088366,ML Engineer,AI,221,M_B356C5
E_D2414AFF,Platform Engineer,Cloud,115,M_68F854
E_199ACA57,Analytics Engineer,Data,202,M_0CD2A5
E_90D614E9,ML Engineer,AI,105,M_4791FD
E_1F772E53,Platform Engineer,Cloud,139,M_7758EC
E_901D311A,Data Engineer,Data,99,M_786B7A
E_E2D0BD80,ML Engineer,AI,188,M_A6EF9A
E_87879223,Platform Engineer,Cloud,147,M_3CEFF8
E_BE80EE5E,Data Engineer,Data,91,M_4B3AA3
E_A62AD68C,Data Scientist,AI,112,M_68F854
E_699A8653,Platform Engineer,Cloud,147,M_998A64
