employee_id,skill,level
E_B25FCF42,Dashboards,1
E_B25FCF42,Kubernetes,3
E_B25FCF42,Terraform,2
E_70E71D2C,Docker,3
E_70E71D2C,SQL,4
E_7F66EB9E,PySpark,2
E_7F66EB9E,dbt,2
E_3BD18262,SQL,1
E_3BD18262,Airflow,2
E_3BD18262,MLflow,1
E_3BD18262,Feature Stores,1
E_BFB7A63F,Looker,2
E_BFB7A63F,Feature Stores,2
E_F647640E,dbt,2
E_F647640E,Airflow,4
E_F647640E,Looker,2
E_F647640E,PySpark,2
E_FFF01760,Terraform,2
E_FFF01760,Docker,2
E_7238C43D,Docker,1
E_7238C43D,Snowflake,1
E_7238C43D,dbt,3
E_7238C43D,PySpark,2
E_7238C43D,SQL,4
E_AFFF063B,Docker,3
E_AFFF063B,dbt,2
E_EFC55E2C,dbt,3
E_EFC55E2C,Spark,2
E_EFC55E2C,Terraform,2
E_EFC55E2C,Looker,3
E_EC0BDD0F,Python,3
E_EC0BDD0F,Feature Stores,1
E_EC0BDD0F,SQL,1
E_EC0BDD0F,MLflow,2
E_20830041,PySpark,2
E_20830041,Snowflake,2
E_20830041,Airflow,2
E_20830041,SQL,2
E_20830041,dbt,2
E_3E7C8DB2,Docker,2
E_3E7C8DB2,Looker,3
E_3E7C8DB2,MLflow,3
E_3E7C8DB2,Spark,2
E_3E7C8DB2,SQL,3
E_F5AED485,Docker,1
E_F5AED485,Python,4
E_F5AED485,MLflow,3
E_144C6F83,Python,1
E_144C6F83,PySpark,3
E_0AA16C4E,Snowflake,2
E_0AA16C4E,PySpark,4
E_0AA16C4E,MLflow,2
E_0AA16C4E,Dashboards,2
E_C28E88D6,Model Serving,3
E_C28E88D6,Docker,3
E_C28E88D6,Kubernetes,2
E_C28E88D6,MLflow,4
E_C28E88D6,dbt,4
E_AD1778EE,Feature Stores,3
E_AD1778EE,PySpark,1
E_AD1778EE,Docker,3
E_AD1778EE,Python,4
E_AD1778EE,MLflow,2
E_4328A8ED,Docker,2
E_4328A8ED,Feature Stores,1
E_4328A8ED,Snowflake,2
E_4328A8ED,Spark,2
E_4328A8ED,Dashboards,3
E_2EF5B28D,Feature Stores,5
E_2EF5B28D,dbt,3
E_2EF5B28D,Dashboards,1
E_2EF5B28D,SQL,2
E_E5EF62DC,Looker,3
E_E5EF62DC,MLflow,1
E_E5EF62DC,Spark,2
E_E5EF62DC,PySpark,4
E_2245C6CD,Looker,3
E_2245C6CD,Spark,3
E_29F1AF29,Feature Stores,3
E_29F1AF29,MLflow,5
E_29F1AF29,Terraform,1
E_29F1AF29,Spark,4
E_33B73847,Looker,3
E_33B73847,Dashboards,3
E_8AA5860D,Dashboards,1
E_8AA5860D,SQL,3
E_8AA5860D,PySpark,2
E_8AA5860D,Python,3
E_8AA5860D,Docker,1
E_7B786E82,Model Serving,4
E_7B786E82,Docker,3
E_7B786E82,PySpark,2
E_7B786E82,Snowflake,1
E_7B786E82,dbt,3
E_2E6284E0,Kubernetes,4
E_2E6284E0,Spark,2
E_FD1B37C5,Terraform,3
E_FD1B37C5,SQL,1
E_FD1B37C5,Airflow,4
E_86618B39,Feature Stores,3
E_86618B39,Terraform,1
E_86618B39,Looker,2
E_FF80F68A,Spark,4
E_FF80F68A,Dashboards,2
E_FF80F68A,Snowflake,2
E_FF80F68A,Airflow,2
E_FF80F68A,MLflow,4
E_EE702B15,Terraform,1
E_EE702B15,Dashboards,3
E_EE702B15,Model Serving,3
E_EE702B15,Looker,2
E_3C64291C,MLflow,3
E_3C64291C,PySpark,3
E_3C64291C,Docker,2
E_3C64291C,Feature Stores,3
E_4E0418CC,Terraform,3
E_4E0418CC,Docker,3
E_4E0418CC,Kubernetes,3
E_4E0418CC,Snowflake,1
E_9C87656E,Airflow,5
E_9C87656E,Dashboards,3
E_9C87656E,Terraform,1
E_AEA13EDB,Docker,3
E_AEA13EDB,dbt,2
E_01B68911,Dashboards,3
E_01B68911,SQL,3
E_01B68911,Docker,1
E_01B68911,Feature Stores,1
E_89A05457,SQL,2
E_89A05457,Python,2
E_89A05457,Docker,4
E_89A05457,Model Serving,2
E_A148A145,SQL,2
E_A148A145,Looker,2
E_940E8FC5,Python,2
E_940E8FC5,Dashboards,3
E_940E8FC5,SQL,3
E_940E8FC5,Model Serving,1
E_84BCF5EE,Dashboards,2
E_84BCF5EE,dbt,3
E_84BCF5EE,Docker,4
E_84BCF5EE,MLflow,2
E_99F986BE,SQL,3
E_99F986BE,Looker,3
E_63735BAD,Kubernetes,1
E_63735BAD,Snowflake,4
E_63735BAD,Feature Stores,1
E_63735BAD,PySpark,1
E_F8883A21,Dashboards,3
E_F8883A21,Looker,2
E_F8883A21,dbt,4
E_F790CB1C,Kubernetes,2
E_F790CB1C,Python,3
E_F790CB1C,Dashboards,1
E_F790CB1C,Looker,1
E_F790CB1C,Snowflake,2
E_E7DD6CEE,Snowflake,3
E_E7DD6CEE,SQL,3
E_E7DD6CEE,PySpark,1
E_28AECFE4,dbt,2
E_28AECFE4,Looker,1
E_28AECFE4,Airflow,3
E_28AECFE4,SQL,2
E_6BC102C7,Docker,2
E_6BC102C7,Dashboards,1
E_6BC102C7,Kubernetes,2
E_6BC102C7,Model Serving,3
E_9460044A,Terraform,3
E_9460044A,Python,4
E_9460044A,dbt,3
E_9460044A,PySpark,3
E_9460044A,Looker,3
E_DC39C034,Docker,2
E_DC39C034,Terraform,2
E_0C5752AC,PySpark,1
E_0C5752AC,MLflow,3
E_2D684224,Dashboards,4
E_2D684224,PySpark,2
E_2D684224,Python,3
E_2D684224,Feature Stores,1
E_39CA5D2C,Terraform,3
E_39CA5D2C,Snowflake,1
E_39CA5D2C,Dashboards,3
E_39CA5D2C,Feature Stores,3
E_39CA5D2C,PySpark,2
E_0A2D6E39,Model Serving,3
E_0A2D6E39,Airflow,2
E_8804DFD7,Spark,2
E_8804DFD7,Docker,1
E_5FEA7603,Terraform,2
E_5FEA7603,dbt,4
E_5FEA7603,Dashboards,2
E_5FEA7603,MLflow,3
E_5FEA7603,Spark,4
E_9D76AD39,Spark,2
E_9D76AD39,Terraform,3
E_9D76AD39,Airflow,2
E_9D76AD39,Python,3
E_9D76AD39,Model Serving,3
E_F14A89D6,Docker,5
E_F14A89D6,Model Serving,3
E_F14A89D6,Python,2
E_F14A89D6,Airflow,1
E_B68D18BA,Docker,3
E_B68D18BA,Dashboards,3
E_B68D18BA,PySpark,3
E_B68D18BA,Terraform,3
E_B68D18BA,dbt,5
E_7ADBC457,Spark,1
E_7ADBC457,Snowflake,5
E_7ADBC457,Dashboards,3
E_7ADBC457,Docker,2
E_7ADBC457,Feature Stores,3
E_BE22E65C,PySpark,2
E_BE22E65C,Spark,2
E_BE22E65C,Snowflake,2
E_2ECF3DCD,Python,3
E_2ECF3DCD,Model Serving,3
E_2ECF3DCD,dbt,3
E_2ECF3DCD,Spark,3
E_AD5EC332,PySpark,3
E_AD5EC332,Airflow,3
E_9B067B78,dbt,2
E_9B067B78,Spark,4
E_9B067B78,Dashboards,4
E_8BCC5265,Feature Stores,1
E_8BCC5265,Snowflake,2
E_8BCC5265,Spark,1
E_2405C86F,Python,3
E_2405C86F,Airflow,2
E_2405C86F,Spark,3
E_2405C86F,Terraform,2
E_2405C86F,Snowflake,2
E_6EFDCC9A,Python,3
E_6EFDCC9A,Spark,3
E_6EFDCC9A,MLflow,3
E_6EFDCC9A,Looker,2
E_6E92A3AD,MLflow,2
E_6E92A3AD,Airflow,2
E_6E92A3AD,Kubernetes,3
E_6E92A3AD,Dashboards,3
E_C52F2D3A,Docker,3
E_C52F2D3A,PySpark,3
E_2F318895,Spark,1
E_2F318895,dbt,3
E_2F318895,MLflow,2
E_A9C203E5,dbt,3
E_A9C203E5,Terraform,2
E_A9C203E5,Python,2
E_A9C203E5,Model Serving,2
E_28D3E2F3,Looker,2
E_28D3E2F3,Model Serving,3
E_28D3E2F3,PySpark,4
E_E8D7EB87,Model Serving,2
E_E8D7EB87,Terraform,3
E_E8D7EB87,Docker,3
E_E8D7EB87,SQL,1
E_E8D7EB87,Looker,5
E_FCA4EEA3,Python,3
E_FCA4EEA3,dbt,1
E_FCA4EEA3,Docker,1
E_FCA4EEA3,Airflow,2
E_FCA4EEA3,SQL,3
E_D010879C,Looker,3
E_D010879C,MLflow,2
E_D010879C,Feature Stores,3
E_450163EC,Model Serving,3
E_450163EC,PySpark,1
E_450163EC,Snowflake,3
E_450163EC,Dashboards,2
E_450163EC,Looker,3
E_8F697474,Model Serving,3
E_8F697474,Docker,4
E_75FCCCF5,SQL,1
E_75FCCCF5,dbt,1
E_B1ACF5E6,PySpark,3
E_B1ACF5E6,Spark,5
E_B1ACF5E6,Snowflake,1
E_16A6A2C6,Kubernetes,1
E_16A6A2C6,Feature Stores,3
E_16A6A2C6,dbt,3
E_16A6A2C6,Snowflake,3
E_16A6A2C6,Python,2
E_675737E6,MLflow,2
E_675737E6,Looker,4
E_73F05EE9,Feature Stores,2
E_73F05EE9,SQL,2
E_D7468C78,Looker,3
E_D7468C78,PySpark,3
E_D7468C78,Model Serving,3
E_C6CCFA91,Feature Stores,1
E_C6CCFA91,Docker,4
E_C6CCFA91,Model Serving,3
E_C6CCFA91,Python,2
E_C6CCFA91,MLflow,3
E_C38D450D,Snowflake,3
E_C38D450D,Airflow,1
E_153B1786,Python,3
E_153B1786,PySpark,4
E_153B1786,Docker,2
E_5C0360DD,dbt,2
E_5C0360DD,Dashboards,3
E_5C0360DD,Docker,3
E_D8FA324F,dbt,2
E_D8FA324F,SQL,3
E_26E49A6D,Kubernetes,1
E_26E49A6D,Python,3
E_26E49A6D,PySpark,4
E_26E49A6D,Docker,1
E_26E49A6D,Spark,3
E_E87655C0,Python,1
E_E87655C0,Feature Stores,1
E_E87655C0,Spark,4
E_1E7AD9A0,Docker,1
E_1E7AD9A0,Dashboards,1
E_1E7AD9A0,Feature Stores,3
E_41399C30,SQL,2
E_41399C30,dbt,2
E_41399C30,Dashboards,3
E_41399C30,Spark,3
E_41399C30,Kubernetes,5
E_F088A701,Terraform,3
E_F088A701,Python,3
E_F088A701,Feature Stores,2
E_F088A701,Snowflake,4
E_D63F81D2,Snowflake,3
E_D63F81D2,Feature Stores,4
E_D63F81D2,Docker,3
E_D63F81D2,MLflow,3
E_D2082115,Looker,4
E_D2082115,Spark,2
E_2F2AC253,Snowflake,5
E_2F2AC253,Dashboards,3
E_CD521818,Feature Stores,2
E_CD521818,PySpark,1
E_CD521818,Python,3
E_CD521818,Looker,1
E_CD521818,Airflow,2
E_DB5CF6D4,SQL,1
E_DB5CF6D4,dbt,2
E_5BEFE5C0,Snowflake,4
E_5BEFE5C0,PySpark,2
E_5BEFE5C0,Kubernetes,3
E_5BEFE5C0,Model Serving,3
E_091E7F22,Kubernetes,2
E_091E7F22,dbt,2
E_091E7F22,Python,2
E_091E7F22,PySpark,3
E_091E7F22,Snowflake,3
E_4879007D,Model Serving,3
E_4879007D,Snowflake,1
E_4879007D,Airflow,2
E_4879007D,Kubernetes,2
E_4879007D,MLflow,2
E_4C2302C0,Looker,2
E_4C2302C0,Kubernetes,3
E_4C2302C0,Feature Stores,2
E_4C2302C0,MLflow,1
E_3CECFE85,Looker,2
E_3CECFE85,MLflow,3
E_3CECFE85,Dashboards,2
E_07252368,Looker,2
E_07252368,Kubernetes,3
E_9A64E017,dbt,3
E_9A64E017,Python,4
E_9A64E017,Terraform,3
E_9A64E017,Feature Stores,4
E_9A64E017,Docker,3
E_52D35711,MLflow,3
E_52D35711,Python,5
E_89E359F6,dbt,2
E_89E359F6,Feature Stores,3
E_C7A53701,Airflow,3
E_C7A53701,Docker,3
E_C7A53701,Terraform,3
E_77316835,Python,3
E_77316835,Kubernetes,3
E_77316835,PySpark,3
E_F13ABA49,MLflow,2
E_F13ABA49,Airflow,2
E_CAEAEAC6,Kubernetes,1
E_CAEAEAC6,Feature Stores,3
E_CAEAEAC6,dbt,4
E_CAEAEAC6,Docker,3
E_39E87A25,Snowflake,1
E_39E87A25,Python,2
E_BF5DBE1A,Model Serving,3
E_BF5DBE1A,Docker,2
E_E47F2D4B,MLflow,1
E_E47F2D4B,Model Serving,3
E_E47F2D4B,PySpark,2
E_E47F2D4B,dbt,3
E_5E7C00BF,Feature Stores,2
E_5E7C00BF,Spark,1
E_8E698ED7,Kubernetes,1
E_8E698ED7,Docker,3
E_8E698ED7,Snowflake,3
E_8E698ED7,MLflow,1
E_8E698ED7,Model Serving,2
E_846B9BA4,Dashboards,4
E_846B9BA4,Feature Stores,3
E_369FCFB6,Terraform,2
E_369FCFB6,MLflow,3
E_369FCFB6,Feature Stores,3
E_369FCFB6,Dashboards,3
E_7DFED82E,Airflow,3
E_7DFED82E,Python,1
E_7DFED82E,Kubernetes,3
E_974137B2,Docker,3
E_974137B2,Dashboards,1
E_974137B2,Spark,3
E_974137B2,Airflow,3
E_974137B2,Kubernetes,3
E_3911979F,dbt,2
E_3911979F,Terraform,3
E_3911979F,Dashboards,1
E_3911979F,Looker,3
E_B48D8A6E,SQL,3
E_B48D8A6E,dbt,3
E_029CB0B0,Model Serving,4
E_029CB0B0,Docker,3
E_029CB0B0,Python,3
E_029CB0B0,MLflow,3
E_029CB0B0,PySpark,2
E_30327735,Feature Stores,2
E_30327735,Dashboards,4
E_95889C21,Terraform,3
E_95889C21,Docker,2
E_461E69FD,SQL,3
E_461E69FD,PySpark,2
E_60E53764,Looker,2
E_60E53764,Docker,2
E_60E53764,Airflow,1
E_C90C270B,Spark,3
E_C90C270B,dbt,1
E_C90C270B,Model Serving,2
E_C90C270B,Looker,3
E_3D5FD25E,Feature Stores,3
E_3D5FD25E,PySpark,3
E_3D5FD25E,MLflow,3
E_655425DD,Snowflake,2
E_655425DD,Dashboards,3
E_655425DD,Feature Stores,3
E_655425DD,Airflow,4
E_C9F384DD,Python,2
E_C9F384DD,SQL,2
E_C9F384DD,dbt,3
E_4C231F40,Airflow,3
E_4C231F40,Feature Stores,2
E_4C231F40,Spark,2
E_1E6E5DDF,Airflow,3
E_1E6E5DDF,Terraform,3
E_1E6E5DDF,Kubernetes,3
E_1E6E5DDF,SQL,3
E_FC428FF4,MLflow,4
E_FC428FF4,PySpark,1
E_FC428FF4,Spark,3
E_69CA18D9,Snowflake,4
E_69CA18D9,Dashboards,1
E_0D8A85E0,Docker,2
E_0D8A85E0,Dashboards,3
E_0D8A85E0,Python,4
E_89068149,PySpark,2
E_89068149,Model Serving,1
E_89068149,Docker,2
E_5D7630D2,Docker,1
E_5D7630D2,dbt,3
E_5D7630D2,SQL,2
E_5D7630D2,Kubernetes,3
E_5D7630D2,Terraform,1
E_7B8EFD2F,Spark,3
E_7B8EFD2F,Python,1
E_7B8EFD2F,dbt,3
E_6012D3A4,dbt,1
E_6012D3A4,Python,2
E_39475164,Looker,1
E_39475164,Snowflake,3
E_FD26A635,Looker,2
E_FD26A635,Spark,1
E_9188A01A,Terraform,1
E_9188A01A,Airflow,2
E_9188A01A,Spark,2
E_A3503D47,Kubernetes,2
E_A3503D47,dbt,2
E_A3503D47,Docker,1
E_A3503D47,Python,4
E_A3503D47,Snowflake,2
E_C4ACC305,Kubernetes,1
E_C4ACC305,Spark,2
E_A4326F8F,Airflow,2
E_A4326F8F,Looker,1
E_A4326F8F,Docker,4
E_A4326F8F,SQL,3
E_8F521ED4,Feature Stores,2
E_8F521ED4,MLflow,1
E_21FC534A,Docker,3
E_21FC534A,Python,3
E_3169F49A,Terraform,2
E_3169F49A,Dashboards,1
E_3169F49A,Python,1
E_3169F49A,SQL,1
E_D50CDA23,Dashboards,3
E_D50CDA23,Looker,3
E_23FAB5AA,Kubernetes,3
E_23FAB5AA,Docker,4
E_23FAB5AA,MLflow,1
E_23FAB5AA,Terraform,4
E_23FAB5AA,SQL,1
E_6AC4616C,Airflow,2
E_6AC4616C,dbt,3
E_6AC4616C,MLflow,3
E_C7430A71,Terraform,3
E_C7430A71,MLflow,3
E_C7430A71,Spark,2
E_5B987525,Snowflake,3
E_5B987525,MLflow,1
E_5B987525,Python,3
E_29D39550,MLflow,4
E_29D39550,Dashboards,3
E_29D39550,Terraform,1
E_29D39550,Feature Stores,1
E_29D39550,SQL,4
E_0CB4EBEF,Feature Stores,3
E_0CB4EBEF,Terraform,2
E_4DB8E6FB,PySpark,3
E_4DB8E6FB,Snowflake,1
E_4DB8E6FB,Airflow,3
E_4DB8E6FB,Feature Stores,2
E_0D40620B,Docker,4
E_0D40620B,PySpark,5
E_0D40620B,Kubernetes,4
E_0D40620B,Snowflake,2
E_0D40620B,Airflow,2
E_69E9F94E,Kubernetes,4
E_69E9F94E,Feature Stores,4
E_5942AD6F,Looker,1
E_5942AD6F,Python,3
E_5942AD6F,Terraform,5
E_5942AD6F,Docker,4
E_5942AD6F,SQL,2
E_9666C41D,Dashboards,2
E_9666C41D,Terraform,3
E_9666C41D,MLflow,3
E_CDF98B1E,Dashboards,2
E_CDF98B1E,Airflow,5
E_CDF98B1E,Looker,2
E_3B6F22AE,Docker,2
E_3B6F22AE,Dashboards,2
E_17C0FAA2,Spark,3
E_17C0FAA2,Python,3
E_C612D57E,MLflow,3
E_C612D57E,Spark,3
E_4A55C0CA,Kubernetes,5
E_4A55C0CA,Terraform,3
E_4A55C0CA,PySpark,1
E_4A55C0CA,Docker,2
E_4A55C0CA,Feature Stores,3
E_68242B51,Dashboards,3
E_68242B51,Airflow,1
E_85C7851E,Python,2
E_85C7851E,Looker,2
E_85C7851E,Dashboards,3
E_85C7851E,Docker,1
E_142129F1,Terraform,2
E_142129F1,SQL,4
E_568029CB,Dashboards,1
E_568029CB,dbt,1
E_568029CB,Snowflake,1
E_B4C9CD4D,MLflow,3
E_B4C9CD4D,dbt,1
E_B4C9CD4D,Feature Stores,3
E_B4C9CD4D,Spark,2
E_69DDD8B6,Dashboards,2
E_69DDD8B6,Feature Stores,3
E_69DDD8B6,dbt,2
E_69DDD8B6,Python,4
E_4549A1B2,Feature Stores,4
E_4549A1B2,Spark,3
E_4549A1B2,Python,3
E_4549A1B2,Airflow,2
E_CE5D31BD,Feature Stores,1
E_CE5D31BD,Dashboards,3
E_CE5D31BD,Spark,3
E_CE5D31BD,SQL,4
E_DB17A75F,Model Serving,3
E_DB17A75F,MLflow,4
E_DB17A75F,Looker,3
E_DB17A75F,Python,5
E_5E732D7A,Kubernetes,2
E_5E732D7A,PySpark,3
E_5E732D7A,Dashboards,3
E_5E732D7A,Docker,2
E_CE83E503,Looker,2
E_CE83E503,Spark,3
E_CE83E503,Terraform,5
E_79D4662E,PySpark,1
E_79D4662E,SQL,1
E_79D4662E,Terraform,4
E_1BA4B9DE,Dashboards,3
E_1BA4B9DE,Docker,2
E_1BA4B9DE,Model Serving,4
E_1BA4B9DE,Looker,3
E_1BA4B9DE,dbt,1
E_59543F2B,MLflow,3
E_59543F2B,Feature Stores,2
E_59543F2B,SQL,3
E_59543F2B,Terraform,3
E_59543F2B,Python,2
E_D99E1ABF,Python,3
E_D99E1ABF,Snowflake,3
E_D99E1ABF,Looker,1
E_D99E1ABF,SQL,2
E_D99E1ABF,Feature Stores,2
E_6C71807C,Python,2
E_6C71807C,Kubernetes,4
E_6C71807C,Looker,2
E_6C71807C,MLflow,2
E_0FAEE2C8,Spark,2
E_0FAEE2C8,MLflow,2
E_0FAEE2C8,SQL,3
E_0FAEE2C8,Kubernetes,3
E_BC7086DA,SQL,2
E_BC7086DA,Looker,2
E_BC7086DA,Spark,4
E_BC7086DA,Python,4
E_BC7086DA,Terraform,3
E_F3D29575,Spark,3
E_F3D29575,Terraform,3
E_F3D29575,Docker,3
E_F3D29575,Snowflake,1
E_F3D29575,PySpark,1
E_1AD7286F,MLflow,2
E_1AD7286F,Dashboards,3
E_1AD7286F,Looker,4
E_1AD7286F,Model Serving,3
E_1AD7286F,Snowflake,1
E_5FEFE89D,Terraform,4
E_5FEFE89D,dbt,3
E_69DD0909,Dashboards,2
E_69DD0909,dbt,3
E_69DD0909,Airflow,3
E_73EEAC9A,Docker,4
E_73EEAC9A,Python,1
E_73EEAC9A,Looker,2
E_73EEAC9A,PySpark,3
E_73EEAC9A,Dashboards,2
E_0AB8567E,Docker,3
E_0AB8567E,Kubernetes,3
E_0AB8567E,Model Serving,4
E_E6E3E0C1,Feature Stores,4
E_E6E3E0C1,Kubernetes,4
E_556EBCF9,PySpark,2
E_556EBCF9,Spark,3
E_556EBCF9,Kubernetes,4
E_556EBCF9,Terraform,2
E_556EBCF9,Model Serving,1
E_7DFEFE11,Docker,5
E_7DFEFE11,dbt,4
E_C2842B63,Model Serving,3
E_C2842B63,MLflow,3
E_C2842B63,Docker,1
E_0FF19556,Terraform,3
E_0FF19556,Docker,4
E_0FF19556,SQL,1
E_452987B9,Airflow,2
E_452987B9,Terraform,2
E_452987B9,MLflow,3
E_452987B9,Spark,3
E_452987B9,Snowflake,2
E_42A3C061,dbt,2
E_42A3C061,Dashboards,1
E_42A3C061,Looker,2
E_869CBCCD,Feature Stores,2
E_869CBCCD,Looker,4
E_869CBCCD,Kubernetes,2
E_BAF4B64C,Python,2
E_BAF4B64C,Model Serving,2
E_BAF4B64C,dbt,3
E_66F90453,PySpark,3
E_66F90453,Model Serving,1
E_66F90453,Feature Stores,2
E_66F90453,Dashboards,3
E_A66BFDA5,Dashboards,3
E_A66BFDA5,Terraform,2
E_A66BFDA5,Docker,4
E_A66BFDA5,dbt,2
E_0C1C3F17,Docker,2
E_0C1C3F17,Model Serving,4
E_403A6366,MLflow,2
E_403A6366,Python,2
E_403A6366,Spark,2
E_4E11D68B,PySpark,3
E_4E11D68B,Model Serving,2
E_B148BB6E,Feature Stores,3
E_B148BB6E,Terraform,3
E_B9CE1457,Docker,2
E_B9CE1457,Snowflake,4
E_B9CE1457,Dashboards,4
E_D7D7F226,Terraform,2
E_D7D7F226,Dashboards,4
E_D7D7F226,Airflow,2
E_D7D7F226,Model Serving,3
E_D7D7F226,Python,2
E_1468AB15,Looker,1
E_1468AB15,Spark,3
E_3C5ACAE5,Snowflake,2
E_3C5ACAE5,Spark,3
E_3C5ACAE5,Feature Stores,2
E_3C5ACAE5,Python,2
E_96E732B3,Python,2
E_96E732B3,Feature Stores,3
E_C25C6132,Spark,2
E_C25C6132,MLflow,3
E_C25C6132,Dashboards,2
E_CD01B50F,PySpark,2
E_CD01B50F,Feature Stores,2
E_CD01B50F,Airflow,4
E_5BA24798,Terraform,3
E_5BA24798,Spark,3
E_FD06A519,Kubernetes,2
E_FD06A519,Dashboards,2
E_FD06A519,Spark,1
E_C33A1B4E,Looker,4
E_C33A1B4E,Python,2
E_C33A1B4E,Spark,3
E_3D71D422,SQL,5
E_3D71D422,Spark,3
E_E9EBB343,Airflow,4
E_E9EBB343,Feature Stores,3
E_E9EBB343,Snowflake,2
E_B4392183,Looker,1
E_B4392183,PySpark,3
E_B4392183,Airflow,3
E_7565FBC4,Python,2
E_7565FBC4,PySpark,2
E_7565FBC4,Airflow,4
E_5552CFF2,MLflow,3
E_5552CFF2,Model Serving,3
E_5552CFF2,Kubernetes,2
E_5552CFF2,Spark,3
E_5552CFF2,Dashboards,2
E_AECB7DBB,Airflow,1
E_AECB7DBB,Spark,3
E_AECB7DBB,MLflow,3
E_A25292EC,Spark,5
E_A25292EC,Kubernetes,1
E_EE5E6411,MLflow,3
E_EE5E6411,Airflow,1
E_EE5E6411,Dashboards,2
E_FA780510,Feature Stores,2
E_FA780510,SQL,3
E_FA780510,PySpark,1
E_FA780510,Model Serving,3
E_74D9948D,Airflow,3
E_74D9948D,Snowflake,2
E_74D9948D,SQL,2
E_74D9948D,Model Serving,2
E_1A39EF25,Terraform,5
E_1A39EF25,Docker,3
E_1A39EF25,Kubernetes,3
E_22987BE2,Kubernetes,2
E_22987BE2,PySpark,3
E_2AE9DD6D,Airflow,5
E_2AE9DD6D,Looker,3
E_2AE9DD6D,Spark,3
E_2AE9DD6D,PySpark,3
E_2AE9DD6D,MLflow,1
E_E43E6369,Spark,3
E_E43E6369,Feature Stores,3
E_93A492CD,Dashboards,1
E_93A492CD,SQL,3
E_5D03073F,Snowflake,1
E_5D03073F,SQL,4
E_5D03073F,Model Serving,2
E_52E3E864,Python,3
E_52E3E864,Terraform,2
E_52E3E864,Kubernetes,5
E_52E3E864,Airflow,2
E_52E3E864,Snowflake,4
E_D7F5AF94,Looker,4
E_D7F5AF94,PySpark,1
E_D7F5AF94,MLflow,1
E_D7F5AF94,Airflow,1
E_D7F5AF94,Snowflake,2
E_732B19FE,Feature Stores,2
E_732B19FE,Dashboards,2
E_732B19FE,Looker,1
E_732B19FE,PySpark,2
E_732B19FE,Kubernetes,3
E_A46F9904,Snowflake,4
E_A46F9904,PySpark,5
E_A46F9904,dbt,2
E_A46F9904,Python,2
E_9FE118B8,SQL,1
E_9FE118B8,Model Serving,1
E_9FE118B8,Airflow,1
E_47D3751F,dbt,2
E_47D3751F,Python,3
E_F2237535,Spark,2
E_F2237535,Airflow,2
E_F2237535,Dashboards,1
E_F2237535,dbt,4
E_84A54767,Spark,2
E_84A54767,Looker,4
E_84A54767,Docker,2
E_84A54767,Kubernetes,2
E_A5541928,Airflow,3
E_A5541928,Dashboards,1
E_C070ABF6,Snowflake,2
E_C070ABF6,Docker,2
E_C070ABF6,Python,3
E_C070ABF6,Looker,2
E_14DAC689,Feature Stores,3
E_14DAC689,dbt,4
E_14DAC689,SQL,1
E_14DAC689,Airflow,2
E_435EC196,Model Serving,2
E_435EC196,Python,1
E_C7C36F0F,MLflow,2
E_C7C36F0F,Terraform,4
E_C7C36F0F,Airflow,3
E_C7C36F0F,Looker,2
E_C7C36F0F,Kubernetes,3
E_72754BE3,Looker,4
E_72754BE3,SQL,2
E_72754BE3,PySpark,3
E_72754BE3,Feature Stores,2
E_72754BE3,Python,5
E_98F19611,Python,3
E_98F19611,Feature Stores,4
E_98F19611,Looker,2
E_4ACFE791,dbt,2
E_4ACFE791,MLflow,3
E_4ACFE791,Kubernetes,3
E_4ACFE791,Model Serving,3
E_AA02B679,Dashboards,2
E_AA02B679,Docker,1
E_AA02B679,Looker,3
E_414A262B,PySpark,3
E_414A262B,Feature Stores,1
E_414A262B,Model Serving,4
E_414A262B,Snowflake,2
E_414A262B,SQL,4
E_2EA5FB6D,Dashboards,3
E_2EA5FB6D,Docker,1
E_2EA5FB6D,Model Serving,3
E_2EA5FB6D,Terraform,2
E_2EA5FB6D,dbt,1
E_74932AEE,Python,3
E_74932AEE,MLflow,2
E_74932AEE,PySpark,3
E_74932AEE,Terraform,3
E_23727BFE,dbt,4
E_23727BFE,Docker,2
E_23727BFE,PySpark,1
E_23727BFE,Dashboards,2
E_1042,Airflow,1
E_1042,Model Serving,1
E_1042,Feature Stores,1
E_1042,Python,2
E_1042,Looker,3
E_B691B7F4,PySpark,4
E_B691B7F4,Feature Stores,3
E_B691B7F4,MLflow,2
E_B691B7F4,Airflow,3
E_05E1A6F0,Dashboards,1
E_05E1A6F0,Spark,2
E_05E1A6F0,dbt,4
E_05E1A6F0,Model Serving,2
E_05E1A6F0,SQL,3
E_86E71AEA,Snowflake,4
E_86E71AEA,Dashboards,2
E_86E71AEA,Airflow,2
E_86E71AEA,Feature Stores,1
E_86E71AEA,PySpark,2
E_2091BB3F,PySpark,2
E_2091BB3F,Docker,3
E_2091BB3F,Terraform,2
E_2091BB3F,Airflow,2
E_3D91C320,Dashboards,4
E_3D91C320,Python,2
E_3D91C320,Kubernetes,1
E_B09B8533,MLflow,3
E_B09B8533,Snowflake,3
E_1EEE92A5,Snowflake,4
E_1EEE92A5,Kubernetes,2
E_1EEE92A5,PySpark,3
E_1189A15A,Snowflake,3
E_1189A15A,Airflow,3
E_8FB956F4,Dashboards,3
E_8FB956F4,Model Serving,3
E_8FB956F4,Kubernetes,2
E_8FB956F4,Feature Stores,4
E_8FB956F4,Docker,1
E_66FE4729,Terraform,1
E_66FE4729,Dashboards,3
E_66FE4729,Spark,1
E_66FE4729,Model Serving,2
E_A0CD4C41,Model Serving,2
E_A0CD4C41,Feature Stores,2
E_A0CD4C41,Kubernetes,3
E_50EE34A5,Feature Stores,3
E_50EE34A5,Looker,1
E_50EE34A5,Docker,2
E_50EE34A5,Snowflake,3
E_50EE34A5,Spark,4
E_18171960,Snowflake,3
E_18171960,MLflow,2
E_18171960,Spark,3
E_18171960,SQL,2
E_18171960,Terraform,1
E_9E129142,Kubernetes,2
E_9E129142,Spark,3
E_9E129142,Snowflake,2
E_0A670E22,dbt,3
E_0A670E22,SQL,3
E_0A670E22,Model Serving,4
E_57555C67,MLflow,3
E_57555C67,Airflow,3
E_57555C67,Feature Stores,2
E_57555C67,dbt,1
E_6FB3F1B8,Model Serving,2
E_6FB3F1B8,PySpark,3
E_6FB3F1B8,Looker,3
E_6FB3F1B8,Terraform,2
E_6FB3F1B8,Kubernetes,2
E_D2B22C25,Docker,4
E_D2B22C25,Model Serving,4
E_D2B22C25,PySpark,1
E_D2B22C25,Dashboards,3
E_3CD5BEDB,SQL,2
E_3CD5BEDB,Airflow,3
E_CB6D7FAD,Snowflake,2
E_CB6D7FAD,dbt,5
E_CB6D7FAD,Feature Stores,2
E_DD2BA13D,Spark,2
E_DD2BA13D,Dashboards,2
E_DD2BA13D,Docker,2
E_A899BADD,MLflow,2
E_A899BADD,Spark,4
E_A899BADD,Terraform,1
E_A899BADD,Python,2
E_2EF24930,Looker,1
E_2EF24930,PySpark,2
E_4FFF9FED,Snowflake,3
E_4FFF9FED,Model Serving,3
E_4FFF9FED,dbt,1
E_4FFF9FED,Looker,2
E_07BFD229,Kubernetes,4
E_07BFD229,Python,1
E_860443B6,Python,2
E_860443B6,MLflow,3
E_860443B6,Airflow,2
E_D5F93833,PySpark,1
E_D5F93833,SQL,3
E_C03E0B73,PySpark,3
E_C03E0B73,MLflow,3
E_C03E0B73,Docker,3
E_3711C744,Snowflake,2
E_3711C744,SQL,2
E_3711C744,Airflow,1
E_3711C744,Docker,3
E_D7F2F404,Terraform,2
E_D7F2F404,Python,3
E_D7F2F404,MLflow,1
E_D7F2F404,Airflow,3
E_D7F2F404,Dashboards,1
E_504FB25F,Terraform,2
E_504FB25F,Airflow,1
E_504FB25F,Model Serving,3
E_D87D4FB7,Python,1
E_D87D4FB7,Looker,3
E_AF178631,Airflow,2
E_AF178631,Model Serving,2
E_AF178631,PySpark,3
E_2556C2D8,PySpark,3
E_2556C2D8,Python,2
E_2556C2D8,Spark,2
E_2556C2D8,MLflow,4
E_C62C4A1C,dbt,4
E_C62C4A1C,MLflow,3
E_C62C4A1C,Looker,2
E_C62C4A1C,Terraform,3
E_B1B295D6,Feature Stores,2
E_B1B295D6,Spark,3
E_B515FAFA,Spark,2
E_B515FAFA,Feature Stores,2
E_B515FAFA,SQL,3
E_B515FAFA,dbt,3
E_B515FAFA,Terraform,3
E_47C1D2C9,dbt,3
E_47C1D2C9,Kubernetes,3
E_47C1D2C9,Terraform,4
E_47C1D2C9,Dashboards,2
E_47C1D2C9,Looker,3
E_A162794F,Kubernetes,1
E_A162794F,PySpark,4
E_5C71B068,Python,4
E_5C71B068,Looker,3
E_5C71B068,SQL,2
E_5C71B068,MLflow,3
E_972BBAE0,Looker,1
E_972BBAE0,MLflow,4
E_35EC5552,SQL,3
E_35EC5552,Model Serving,1
E_35EC5552,MLflow,4
E_35EC5552,Feature Stores,4
E_2CF93E1A,Looker,2
E_2CF93E1A,Docker,1
E_2CF93E1A,SQL,2
E_2CF93E1A,Airflow,4
E_86D574A1,Model Serving,3
E_86D574A1,PySpark,3
E_86D574A1,Airflow,2
E_26E6CAC1,Python,3
E_26E6CAC1,Feature Stores,1
E_26E6CAC1,Terraform,5
E_CFC33CDF,Looker,3
E_CFC33CDF,Feature Stores,3
E_842C657A,Snowflake,3
E_842C657A,Looker,2
E_842C657A,Spark,2
E_842C657A,Terraform,3
E_842C657A,Feature Stores,3
E_B0E4B3CE,Docker,3
E_B0E4B3CE,Airflow,3
E_B0E4B3CE,dbt,1
E_D99014C7,SQL,3
E_D99014C7,Python,3
E_D99014C7,Airflow,2
E_1491937B,Feature Stores,3
E_1491937B,Looker,1
E_39B3F637,MLflow,3
E_39B3F637,Looker,4
E_9EA59F60,MLflow,2
E_9EA59F60,Snowflake,1
E_9EA59F60,Looker,4
E_1591B3B6,Looker,1
E_1591B3B6,Model Serving,2
E_1591B3B6,Snowflake,2
E_2A2CD3D3,Model Serving,1
E_2A2CD3D3,Spark,2
E_2A2CD3D3,Snowflake,4
E_2A2CD3D3,PySpark,4
E_2A2CD3D3,Airflow,4
E_D8EDE442,SQL,3
E_D8EDE442,Kubernetes,2
E_58B218C8,Feature Stores,2
E_58B218C8,Docker,3
E_58B218C8,Airflow,3
E_58B218C8,dbt,1
E_29957102,Kubernetes,4
E_29957102,Spark,3
E_29957102,Docker,2
E_29957102,Feature Stores,2
E_E4B56942,Docker,3
E_E4B56942,Terraform,3
E_5ED80825,Looker,1
E_5ED80825,MLflow,3
E_5ED80825,Airflow,3
E_5ED80825,PySpark,4
E_6E0AF83B,Looker,2
E_6E0AF83B,MLflow,3
E_6E0AF83B,Kubernetes,3
E_6E0AF83B,PySpark,2
E_7354E0A1,Looker,3
E_7354E0A1,SQL,4
E_7354E0A1,Feature Stores,2
E_7C49EC42,Terraform,2
E_7C49EC42,SQL,3
E_7C49EC42,MLflow,1
E_7C49EC42,Model Serving,3
E_5771F4BA,Python,2
E_5771F4BA,dbt,4
E_EFCD805B,Model Serving,2
E_EFCD805B,Docker,3
E_EFCD805B,Dashboards,2
E_68EADC6A,Kubernetes,2
E_68EADC6A,Terraform,2
E_68EADC6A,PySpark,4
E_9F10479E,Dashboards,2
E_9F10479E,MLflow,5
E_9F10479E,Python,1
E_88D8CAFA,Python,3
E_88D8CAFA,Snowflake,2
E_D837AACD,Python,3
E_D837AACD,Looker,1
E_D837AACD,Spark,2
E_D837AACD,Airflow,2
E_15EE4422,Looker,2
E_15EE4422,SQL,2
E_E9DE8E6F,Kubernetes,5
E_E9DE8E6F,Snowflake,3
E_E9DE8E6F,Spark,2
E_258882A7,Python,3
E_258882A7,Spark,2
E_258882A7,SQL,2
E_06F196CA,PySpark,1
E_06F196CA,Snowflake,3
E_06F196CA,Airflow,3
E_06F196CA,Looker,4
E_06F196CA,Feature Stores,3
E_C8E9CA4F,Model Serving,2
E_C8E9CA4F,Docker,4
E_C8E9CA4F,MLflow,2
E_169E6A82,MLflow,2
E_169E6A82,Terraform,1
E_169E6A82,Model Serving,1
E_169E6A82,dbt,3
E_D914FC5E,Terraform,3
E_D914FC5E,MLflow,2
E_5BDDD2D1,Python,3
E_5BDDD2D1,Airflow,4
E_5BDDD2D1,Spark,2
E_87A3C7DC,Kubernetes,1
E_87A3C7DC,SQL,4
E_87A3C7DC,Dashboards,4
E_87A3C7DC,Docker,2
E_87A3C7DC,Spark,2
E_28C25D70,Snowflake,1
E_28C25D70,Feature Stores,3
E_28C25D70,Kubernetes,3
E_9BDF9BCF,Model Serving,2
E_9BDF9BCF,dbt,3
E_9BDF9BCF,Docker,1
E_9BDF9BCF,Kubernetes,2
E_9BDF9BCF,Terraform,3
E_6A354036,Feature Stores,3
E_6A354036,SQL,3
E_27F8CA14,Terraform,2
E_27F8CA14,Airflow,3
E_27F8CA14,Looker,1
E_993DDDF4,Model Serving,2
E_993DDDF4,Spark,3
E_993DDDF4,MLflow,3
E_993DDDF4,Terraform,2
E_DCCADA03,Spark,2
E_DCCADA03,Kubernetes,2
E_BCBFA4A6,Terraform,3
E_BCBFA4A6,Python,2
E_1D712F6D,dbt,3
E_1D712F6D,Feature Stores,3
E_B467C6F1,Snowflake,2
E_B467C6F1,Docker,2
E_B467C6F1,Terraform,4
E_B467C6F1,dbt,3
E_B467C6F1,Dashboards,3
E_1D993A89,Feature Stores,3
E_1D993A89,Terraform,4
E_1D993A89,MLflow,2
E_986B067E,Looker,4
E_986B067E,Spark,2
E_83248BBB,PySpark,1
E_83248BBB,Spark,3
E_F7F0EE7E,Dashboards,3
E_F7F0EE7E,Feature Stores,2
E_3BA9B5AF,dbt,4
E_3BA9B5AF,SQL,2
E_3BA9B5AF,Kubernetes,3
E_AA8456CF,dbt,2
E_AA8456CF,Docker,3
E_AA8456CF,Python,1
E_AA8456CF,MLflow,3
E_AA8456CF,Terraform,2
E_6D0414DC,Model Serving,4
E_6D0414DC,Snowflake,2
E_6D0414DC,Docker,3
E_6D0414DC,Feature Stores,3
E_6D0414DC,MLflow,2
E_DE0BEC02,Looker,3
E_DE0BEC02,Spark,1
E_DE0BEC02,MLflow,2
E_AC601DF5,Airflow,3
E_AC601DF5,Terraform,2
E_AC601DF5,Snowflake,1
E_F2B6AB34,dbt,3
E_F2B6AB34,Feature Stores,1
E_F2B6AB34,SQL,2
E_045436B7,Dashboards,3
E_045436B7,Spark,3
E_045436B7,PySpark,2
E_045436B7,Docker,4
E_E9088366,Dashboards,2
E_E9088366,Snowflake,1
E_E9088366,Docker,4
E_E9088366,Looker,3
E_D2414AFF,Kubernetes,4
E_D2414AFF,Looker,2
E_D2414AFF,Spark,3
E_D2414AFF,MLflow,3
E_199ACA57,MLflow,3
E_199ACA57,Model Serving,4
E_90D614E9,Airflow,4
E_90D614E9,SQL,3
E_90D614E9,Spark,2
E_90D614E9,Dashboards,4
E_1F772E53,Python,2
E_1F772E53,MLflow,2
E_1F772E53,Looker,3
E_901D311A,Feature Stores,3
E_901D311A,Model Serving,5
E_901D311A,Docker,2
E_901D311A,Terraform,2
E_901D311A,Looker,3
E_E2D0BD80,Feature Stores,3
E_E2D0BD80,Model Serving,3
E_E2D0BD80,MLflow,3
E_E2D0BD80,Snowflake,3
E_87879223,dbt,3
E_87879223,Dashboards,2
E_BE80EE5E,Looker,4
E_BE80EE5E,Spark,1
E_BE80EE5E,SQL,3
E_BE80EE5E,MLflow,4
E_A62AD68C,Snowflake,2
E_A62AD68C,Docker,5
E_A62AD68C,Feature Stores,3
E_A62AD68C,Terraform,2
E_699A8653,PySpark,5
E_699A8653,MLflow,4
E_699A8653,Docker,3
